County,Year(s),Number of Extreme Heat Days
Alcona,1979,1
Alcona,1980,2
Alcona,1981,2
Alcona,1982,1
Alcona,1983,9
Alcona,1984,2
Alcona,1986,5
Alcona,1987,10
Alcona,1988,14
Alcona,1989,3
Alcona,1990,1
Alcona,1991,10
Alcona,1993,3
Alcona,1994,2
Alcona,1995,8
Alcona,1996,3
Alcona,1997,4
Alcona,1998,5
Alcona,1999,9
Alcona,2000,1
Alcona,2001,9
Alcona,2002,13
Alcona,2003,3
Alcona,2004,1
Alcona,2005,12
Alcona,2006,11
Alcona,2007,7
Alcona,2008,1
Alcona,2009,1
Alcona,2010,9
Alcona,2011,16
Alcona,2012,10
Alcona,2013,11
Alcona,2014,4
Alcona,2015,6
Alcona,2016,8
Alger,1981,1
Alger,1982,1
Alger,1983,3
Alger,1986,3
Alger,1987,2
Alger,1988,5
Alger,1989,1
Alger,1991,5
Alger,1995,1
Alger,1996,1
Alger,1998,1
Alger,1999,2
Alger,2000,1
Alger,2001,3
Alger,2002,5
Alger,2003,2
Alger,2005,8
Alger,2006,8
Alger,2007,6
Alger,2008,1
Alger,2010,5
Alger,2011,3
Alger,2012,5
Alger,2013,7
Alger,2014,1
Alger,2015,3
Alger,2016,2
Allegan,1979,1
Allegan,1980,15
Allegan,1981,5
Allegan,1982,5
Allegan,1983,25
Allegan,1984,8
Allegan,1985,3
Allegan,1986,8
Allegan,1987,20
Allegan,1988,31
Allegan,1989,5
Allegan,1990,7
Allegan,1991,20
Allegan,1992,2
Allegan,1993,7
Allegan,1994,8
Allegan,1995,18
Allegan,1996,4
Allegan,1997,10
Allegan,1998,10
Allegan,1999,17
Allegan,2000,5
Allegan,2001,14
Allegan,2002,15
Allegan,2003,8
Allegan,2004,4
Allegan,2005,21
Allegan,2006,16
Allegan,2007,18
Allegan,2008,9
Allegan,2009,4
Allegan,2010,30
Allegan,2011,29
Allegan,2012,31
Allegan,2013,22
Allegan,2014,13
Allegan,2015,14
Allegan,2016,21
Alpena,1980,1
Alpena,1982,1
Alpena,1983,3
Alpena,1986,2
Alpena,1987,3
Alpena,1988,5
Alpena,1989,1
Alpena,1991,3
Alpena,1993,1
Alpena,1994,1
Alpena,1995,3
Alpena,1996,2
Alpena,1998,1
Alpena,1999,3
Alpena,2001,4
Alpena,2002,2
Alpena,2003,2
Alpena,2005,4
Alpena,2006,6
Alpena,2007,2
Alpena,2010,1
Alpena,2011,4
Alpena,2012,3
Alpena,2013,5
Alpena,2014,2
Alpena,2015,2
Alpena,2016,2
Antrim,1980,2
Antrim,1981,1
Antrim,1982,1
Antrim,1983,5
Antrim,1984,1
Antrim,1985,1
Antrim,1986,5
Antrim,1987,6
Antrim,1988,13
Antrim,1989,1
Antrim,1990,1
Antrim,1991,6
Antrim,1993,1
Antrim,1994,2
Antrim,1995,7
Antrim,1996,2
Antrim,1997,2
Antrim,1998,2
Antrim,1999,5
Antrim,2000,1
Antrim,2001,12
Antrim,2002,5
Antrim,2003,3
Antrim,2005,9
Antrim,2006,10
Antrim,2007,8
Antrim,2009,2
Antrim,2010,9
Antrim,2011,16
Antrim,2012,12
Antrim,2013,12
Antrim,2014,4
Antrim,2015,5
Antrim,2016,8
Arenac,1979,3
Arenac,1980,10
Arenac,1981,2
Arenac,1982,3
Arenac,1983,19
Arenac,1984,6
Arenac,1985,5
Arenac,1986,6
Arenac,1987,16
Arenac,1988,24
Arenac,1989,6
Arenac,1990,5
Arenac,1991,16
Arenac,1992,2
Arenac,1993,6
Arenac,1994,7
Arenac,1995,11
Arenac,1996,3
Arenac,1997,9
Arenac,1998,9
Arenac,1999,14
Arenac,2000,2
Arenac,2001,12
Arenac,2002,16
Arenac,2003,7
Arenac,2004,5
Arenac,2005,19
Arenac,2006,18
Arenac,2007,12
Arenac,2008,7
Arenac,2009,3
Arenac,2010,20
Arenac,2011,24
Arenac,2012,22
Arenac,2013,21
Arenac,2014,6
Arenac,2015,11
Arenac,2016,17
Baraga,1980,2
Baraga,1981,4
Baraga,1982,4
Baraga,1983,12
Baraga,1984,5
Baraga,1985,2
Baraga,1986,5
Baraga,1987,6
Baraga,1988,10
Baraga,1989,4
Baraga,1990,1
Baraga,1991,10
Baraga,1993,1
Baraga,1995,9
Baraga,1996,3
Baraga,1997,2
Baraga,1998,4
Baraga,1999,8
Baraga,2000,2
Baraga,2001,14
Baraga,2002,14
Baraga,2003,7
Baraga,2004,3
Baraga,2005,17
Baraga,2006,12
Baraga,2007,13
Baraga,2008,1
Baraga,2009,4
Baraga,2010,17
Baraga,2011,13
Baraga,2012,17
Baraga,2013,15
Baraga,2014,2
Baraga,2015,10
Baraga,2016,13
Barry,1979,4
Barry,1980,21
Barry,1981,8
Barry,1982,8
Barry,1983,31
Barry,1984,12
Barry,1985,7
Barry,1986,12
Barry,1987,24
Barry,1988,36
Barry,1989,9
Barry,1990,13
Barry,1991,24
Barry,1992,3
Barry,1993,12
Barry,1994,9
Barry,1995,26
Barry,1996,8
Barry,1997,12
Barry,1998,17
Barry,1999,21
Barry,2000,11
Barry,2001,19
Barry,2002,28
Barry,2003,11
Barry,2004,8
Barry,2005,32
Barry,2006,23
Barry,2007,26
Barry,2008,18
Barry,2009,6
Barry,2010,37
Barry,2011,32
Barry,2012,42
Barry,2013,28
Barry,2014,20
Barry,2015,24
Barry,2016,32
Bay,1979,9
Bay,1980,16
Bay,1981,9
Bay,1982,6
Bay,1983,27
Bay,1984,10
Bay,1985,7
Bay,1986,10
Bay,1987,23
Bay,1988,33
Bay,1989,11
Bay,1990,10
Bay,1991,21
Bay,1992,2
Bay,1993,10
Bay,1994,10
Bay,1995,20
Bay,1996,8
Bay,1997,12
Bay,1998,16
Bay,1999,19
Bay,2000,7
Bay,2001,17
Bay,2002,26
Bay,2003,13
Bay,2004,9
Bay,2005,33
Bay,2006,20
Bay,2007,20
Bay,2008,13
Bay,2009,5
Bay,2010,36
Bay,2011,30
Bay,2012,32
Bay,2013,28
Bay,2014,11
Bay,2015,18
Bay,2016,29
Benzie,1979,1
Benzie,1980,3
Benzie,1982,1
Benzie,1983,12
Benzie,1984,2
Benzie,1985,2
Benzie,1986,5
Benzie,1987,14
Benzie,1988,15
Benzie,1989,3
Benzie,1990,2
Benzie,1991,11
Benzie,1993,1
Benzie,1994,3
Benzie,1995,9
Benzie,1996,3
Benzie,1997,3
Benzie,1998,3
Benzie,1999,6
Benzie,2000,1
Benzie,2001,14
Benzie,2002,5
Benzie,2003,3
Benzie,2005,13
Benzie,2006,12
Benzie,2007,10
Benzie,2008,1
Benzie,2009,3
Benzie,2010,15
Benzie,2011,17
Benzie,2012,22
Benzie,2013,12
Benzie,2014,6
Benzie,2015,8
Benzie,2016,13
Berrien,1979,7
Berrien,1980,25
Berrien,1981,9
Berrien,1982,7
Berrien,1983,32
Berrien,1984,12
Berrien,1985,10
Berrien,1986,13
Berrien,1987,27
Berrien,1988,39
Berrien,1989,10
Berrien,1990,11
Berrien,1991,27
Berrien,1992,4
Berrien,1993,14
Berrien,1994,15
Berrien,1995,23
Berrien,1996,10
Berrien,1997,14
Berrien,1998,17
Berrien,1999,25
Berrien,2000,14
Berrien,2001,21
Berrien,2002,26
Berrien,2003,13
Berrien,2004,9
Berrien,2005,33
Berrien,2006,24
Berrien,2007,26
Berrien,2008,15
Berrien,2009,11
Berrien,2010,42
Berrien,2011,36
Berrien,2012,44
Berrien,2013,30
Berrien,2014,21
Berrien,2015,23
Berrien,2016,34
Branch,1979,7
Branch,1980,24
Branch,1981,9
Branch,1982,8
Branch,1983,35
Branch,1984,12
Branch,1985,8
Branch,1986,13
Branch,1987,24
Branch,1988,37
Branch,1989,10
Branch,1990,12
Branch,1991,26
Branch,1992,4
Branch,1993,15
Branch,1994,15
Branch,1995,28
Branch,1996,8
Branch,1997,16
Branch,1998,18
Branch,1999,29
Branch,2000,15
Branch,2001,20
Branch,2002,27
Branch,2003,14
Branch,2004,8
Branch,2005,30
Branch,2006,21
Branch,2007,26
Branch,2008,19
Branch,2009,9
Branch,2010,43
Branch,2011,35
Branch,2012,45
Branch,2013,30
Branch,2014,22
Branch,2015,26
Branch,2016,39
Calhoun,1979,5
Calhoun,1980,22
Calhoun,1981,9
Calhoun,1982,8
Calhoun,1983,32
Calhoun,1984,12
Calhoun,1985,9
Calhoun,1986,12
Calhoun,1987,23
Calhoun,1988,35
Calhoun,1989,9
Calhoun,1990,13
Calhoun,1991,24
Calhoun,1992,4
Calhoun,1993,14
Calhoun,1994,13
Calhoun,1995,28
Calhoun,1996,7
Calhoun,1997,14
Calhoun,1998,17
Calhoun,1999,24
Calhoun,2000,13
Calhoun,2001,19
Calhoun,2002,30
Calhoun,2003,12
Calhoun,2004,8
Calhoun,2005,32
Calhoun,2006,22
Calhoun,2007,28
Calhoun,2008,20
Calhoun,2009,8
Calhoun,2010,41
Calhoun,2011,32
Calhoun,2012,45
Calhoun,2013,29
Calhoun,2014,21
Calhoun,2015,24
Calhoun,2016,33
Cass,1979,11
Cass,1980,32
Cass,1981,9
Cass,1982,9
Cass,1983,38
Cass,1984,15
Cass,1985,13
Cass,1986,15
Cass,1987,28
Cass,1988,39
Cass,1989,13
Cass,1990,14
Cass,1991,30
Cass,1992,5
Cass,1993,19
Cass,1994,17
Cass,1995,31
Cass,1996,11
Cass,1997,16
Cass,1998,20
Cass,1999,30
Cass,2000,17
Cass,2001,22
Cass,2002,33
Cass,2003,15
Cass,2004,10
Cass,2005,34
Cass,2006,26
Cass,2007,27
Cass,2008,21
Cass,2009,11
Cass,2010,44
Cass,2011,40
Cass,2012,49
Cass,2013,32
Cass,2014,23
Cass,2015,32
Cass,2016,43
Charlevoix,1980,1
Charlevoix,1986,2
Charlevoix,1987,2
Charlevoix,1988,6
Charlevoix,1991,1
Charlevoix,1994,1
Charlevoix,1995,3
Charlevoix,1999,2
Charlevoix,2000,1
Charlevoix,2001,5
Charlevoix,2002,2
Charlevoix,2003,1
Charlevoix,2005,4
Charlevoix,2006,2
Charlevoix,2010,2
Charlevoix,2011,3
Charlevoix,2012,4
Charlevoix,2015,1
Charlevoix,2016,2
Cheboygan,2006,2
Cheboygan,2011,1
Cheboygan,2016,1
Chippewa,1981,1
Chippewa,1982,1
Chippewa,1983,4
Chippewa,1986,2
Chippewa,1987,4
Chippewa,1988,6
Chippewa,1989,1
Chippewa,1991,4
Chippewa,1994,1
Chippewa,1995,4
Chippewa,1997,1
Chippewa,1998,2
Chippewa,1999,3
Chippewa,2001,8
Chippewa,2002,4
Chippewa,2003,1
Chippewa,2005,8
Chippewa,2006,8
Chippewa,2007,2
Chippewa,2010,3
Chippewa,2011,8
Chippewa,2012,4
Chippewa,2013,3
Chippewa,2015,1
Chippewa,2016,2
Clare,1979,2
Clare,1980,11
Clare,1981,4
Clare,1982,4
Clare,1983,21
Clare,1984,5
Clare,1985,4
Clare,1986,7
Clare,1987,17
Clare,1988,27
Clare,1989,4
Clare,1990,5
Clare,1991,16
Clare,1992,1
Clare,1993,6
Clare,1994,6
Clare,1995,14
Clare,1996,4
Clare,1997,8
Clare,1998,8
Clare,1999,13
Clare,2000,3
Clare,2001,14
Clare,2002,15
Clare,2003,8
Clare,2004,1
Clare,2005,22
Clare,2006,17
Clare,2007,12
Clare,2008,4
Clare,2009,4
Clare,2010,22
Clare,2011,26
Clare,2012,24
Clare,2013,21
Clare,2014,7
Clare,2015,12
Clare,2016,18
Clinton,1979,4
Clinton,1980,18
Clinton,1981,9
Clinton,1982,8
Clinton,1983,31
Clinton,1984,13
Clinton,1985,8
Clinton,1986,12
Clinton,1987,25
Clinton,1988,34
Clinton,1989,10
Clinton,1990,12
Clinton,1991,21
Clinton,1992,3
Clinton,1993,13
Clinton,1994,10
Clinton,1995,27
Clinton,1996,8
Clinton,1997,13
Clinton,1998,16
Clinton,1999,22
Clinton,2000,10
Clinton,2001,18
Clinton,2002,30
Clinton,2003,14
Clinton,2004,9
Clinton,2005,33
Clinton,2006,23
Clinton,2007,24
Clinton,2008,20
Clinton,2009,6
Clinton,2010,38
Clinton,2011,32
Clinton,2012,39
Clinton,2013,31
Clinton,2014,18
Clinton,2015,23
Clinton,2016,36
Crawford,1979,1
Crawford,1980,4
Crawford,1981,2
Crawford,1982,2
Crawford,1983,15
Crawford,1984,3
Crawford,1985,2
Crawford,1986,6
Crawford,1987,9
Crawford,1988,16
Crawford,1989,2
Crawford,1990,2
Crawford,1991,12
Crawford,1993,3
Crawford,1994,4
Crawford,1995,11
Crawford,1996,3
Crawford,1997,5
Crawford,1998,5
Crawford,1999,9
Crawford,2000,1
Crawford,2001,12
Crawford,2002,12
Crawford,2003,6
Crawford,2005,18
Crawford,2006,14
Crawford,2007,9
Crawford,2009,4
Crawford,2010,14
Crawford,2011,22
Crawford,2012,19
Crawford,2013,14
Crawford,2014,5
Crawford,2015,9
Crawford,2016,9
Delta,1980,2
Delta,1981,2
Delta,1983,13
Delta,1984,1
Delta,1986,4
Delta,1987,9
Delta,1988,14
Delta,1989,3
Delta,1991,9
Delta,1994,1
Delta,1995,10
Delta,1996,1
Delta,1997,3
Delta,1998,2
Delta,1999,8
Delta,2000,1
Delta,2001,12
Delta,2002,11
Delta,2003,5
Delta,2004,1
Delta,2005,19
Delta,2006,12
Delta,2007,11
Delta,2008,1
Delta,2009,4
Delta,2010,11
Delta,2011,14
Delta,2012,16
Delta,2013,13
Delta,2014,3
Delta,2015,7
Delta,2016,10
Dickinson,1980,6
Dickinson,1981,3
Dickinson,1982,4
Dickinson,1983,18
Dickinson,1984,3
Dickinson,1985,2
Dickinson,1986,7
Dickinson,1987,11
Dickinson,1988,16
Dickinson,1989,4
Dickinson,1990,1
Dickinson,1991,14
Dickinson,1993,1
Dickinson,1994,3
Dickinson,1995,10
Dickinson,1996,4
Dickinson,1997,2
Dickinson,1998,4
Dickinson,1999,11
Dickinson,2000,3
Dickinson,2001,14
Dickinson,2002,12
Dickinson,2003,9
Dickinson,2004,1
Dickinson,2005,20
Dickinson,2006,15
Dickinson,2007,14
Dickinson,2008,2
Dickinson,2009,5
Dickinson,2010,17
Dickinson,2011,17
Dickinson,2012,23
Dickinson,2013,23
Dickinson,2014,5
Dickinson,2015,9
Dickinson,2016,14
Eaton,1979,4
Eaton,1980,19
Eaton,1981,9
Eaton,1982,8
Eaton,1983,32
Eaton,1984,15
Eaton,1985,6
Eaton,1986,12
Eaton,1987,26
Eaton,1988,36
Eaton,1989,8
Eaton,1990,11
Eaton,1991,25
Eaton,1992,3
Eaton,1993,14
Eaton,1994,10
Eaton,1995,28
Eaton,1996,7
Eaton,1997,13
Eaton,1998,14
Eaton,1999,21
Eaton,2000,10
Eaton,2001,19
Eaton,2002,30
Eaton,2003,14
Eaton,2004,9
Eaton,2005,32
Eaton,2006,21
Eaton,2007,25
Eaton,2008,20
Eaton,2009,7
Eaton,2010,39
Eaton,2011,31
Eaton,2012,40
Eaton,2013,31
Eaton,2014,20
Eaton,2015,23
Eaton,2016,37
Emmet,1982,1
Emmet,1986,1
Emmet,1987,2
Emmet,1988,5
Emmet,1994,1
Emmet,1995,3
Emmet,1999,2
Emmet,2000,1
Emmet,2001,6
Emmet,2002,2
Emmet,2003,2
Emmet,2005,3
Emmet,2006,4
Emmet,2010,2
Emmet,2011,2
Emmet,2012,4
Emmet,2013,3
Emmet,2015,1
Emmet,2016,3
Genesee,1979,9
Genesee,1980,18
Genesee,1981,8
Genesee,1982,6
Genesee,1983,29
Genesee,1984,12
Genesee,1985,8
Genesee,1986,10
Genesee,1987,23
Genesee,1988,33
Genesee,1989,11
Genesee,1990,8
Genesee,1991,21
Genesee,1992,2
Genesee,1993,12
Genesee,1994,10
Genesee,1995,24
Genesee,1996,7
Genesee,1997,12
Genesee,1998,16
Genesee,1999,21
Genesee,2000,7
Genesee,2001,16
Genesee,2002,29
Genesee,2003,13
Genesee,2004,8
Genesee,2005,33
Genesee,2006,18
Genesee,2007,19
Genesee,2008,13
Genesee,2009,5
Genesee,2010,37
Genesee,2011,31
Genesee,2012,35
Genesee,2013,30
Genesee,2014,16
Genesee,2015,23
Genesee,2016,32
Gladwin,1979,4
Gladwin,1980,15
Gladwin,1981,6
Gladwin,1982,5
Gladwin,1983,24
Gladwin,1984,8
Gladwin,1985,5
Gladwin,1986,8
Gladwin,1987,21
Gladwin,1988,30
Gladwin,1989,9
Gladwin,1990,5
Gladwin,1991,18
Gladwin,1992,2
Gladwin,1993,8
Gladwin,1994,7
Gladwin,1995,15
Gladwin,1996,6
Gladwin,1997,10
Gladwin,1998,11
Gladwin,1999,18
Gladwin,2000,4
Gladwin,2001,16
Gladwin,2002,23
Gladwin,2003,10
Gladwin,2004,8
Gladwin,2005,28
Gladwin,2006,19
Gladwin,2007,19
Gladwin,2008,12
Gladwin,2009,5
Gladwin,2010,29
Gladwin,2011,30
Gladwin,2012,30
Gladwin,2013,24
Gladwin,2014,9
Gladwin,2015,14
Gladwin,2016,28
Gogebic,1986,1
Gogebic,1988,2
Gogebic,1995,2
Gogebic,1996,1
Gogebic,1999,1
Gogebic,2001,3
Gogebic,2002,2
Gogebic,2005,3
Gogebic,2006,4
Gogebic,2010,1
Gogebic,2011,3
Gogebic,2012,2
Gogebic,2013,3
Gogebic,2016,1
Grand Traverse,1979,2
Grand Traverse,1980,9
Grand Traverse,1981,2
Grand Traverse,1982,2
Grand Traverse,1983,20
Grand Traverse,1984,4
Grand Traverse,1985,3
Grand Traverse,1986,7
Grand Traverse,1987,17
Grand Traverse,1988,18
Grand Traverse,1989,3
Grand Traverse,1990,2
Grand Traverse,1991,16
Grand Traverse,1992,1
Grand Traverse,1993,3
Grand Traverse,1994,4
Grand Traverse,1995,15
Grand Traverse,1996,4
Grand Traverse,1997,5
Grand Traverse,1998,5
Grand Traverse,1999,8
Grand Traverse,2000,2
Grand Traverse,2001,16
Grand Traverse,2002,12
Grand Traverse,2003,8
Grand Traverse,2005,20
Grand Traverse,2006,17
Grand Traverse,2007,16
Grand Traverse,2008,2
Grand Traverse,2009,4
Grand Traverse,2010,20
Grand Traverse,2011,24
Grand Traverse,2012,29
Grand Traverse,2013,18
Grand Traverse,2014,7
Grand Traverse,2015,9
Grand Traverse,2016,19
Gratiot,1979,4
Gratiot,1980,15
Gratiot,1981,9
Gratiot,1982,6
Gratiot,1983,30
Gratiot,1984,10
Gratiot,1985,7
Gratiot,1986,9
Gratiot,1987,25
Gratiot,1988,33
Gratiot,1989,10
Gratiot,1990,7
Gratiot,1991,20
Gratiot,1992,2
Gratiot,1993,11
Gratiot,1994,11
Gratiot,1995,22
Gratiot,1996,7
Gratiot,1997,11
Gratiot,1998,18
Gratiot,1999,20
Gratiot,2000,7
Gratiot,2001,18
Gratiot,2002,27
Gratiot,2003,14
Gratiot,2004,9
Gratiot,2005,33
Gratiot,2006,20
Gratiot,2007,24
Gratiot,2008,14
Gratiot,2009,6
Gratiot,2010,37
Gratiot,2011,31
Gratiot,2012,34
Gratiot,2013,29
Gratiot,2014,13
Gratiot,2015,22
Gratiot,2016,28
Hillsdale,1979,5
Hillsdale,1980,22
Hillsdale,1981,7
Hillsdale,1982,6
Hillsdale,1983,33
Hillsdale,1984,9
Hillsdale,1985,7
Hillsdale,1986,12
Hillsdale,1987,24
Hillsdale,1988,36
Hillsdale,1989,9
Hillsdale,1990,12
Hillsdale,1991,22
Hillsdale,1992,4
Hillsdale,1993,15
Hillsdale,1994,13
Hillsdale,1995,26
Hillsdale,1996,6
Hillsdale,1997,15
Hillsdale,1998,16
Hillsdale,1999,27
Hillsdale,2000,11
Hillsdale,2001,19
Hillsdale,2002,23
Hillsdale,2003,10
Hillsdale,2004,8
Hillsdale,2005,28
Hillsdale,2006,18
Hillsdale,2007,21
Hillsdale,2008,15
Hillsdale,2009,7
Hillsdale,2010,37
Hillsdale,2011,32
Hillsdale,2012,43
Hillsdale,2013,29
Hillsdale,2014,21
Hillsdale,2015,22
Hillsdale,2016,34
Houghton,1982,1
Houghton,1983,1
Houghton,1986,1
Houghton,1988,2
Houghton,1991,2
Houghton,1995,1
Houghton,1999,1
Houghton,2001,3
Houghton,2002,2
Houghton,2005,6
Houghton,2006,2
Houghton,2007,1
Houghton,2010,2
Houghton,2011,4
Houghton,2012,1
Houghton,2013,2
Houghton,2016,2
Huron,1979,2
Huron,1980,7
Huron,1981,3
Huron,1982,1
Huron,1983,16
Huron,1984,3
Huron,1985,4
Huron,1986,6
Huron,1987,16
Huron,1988,25
Huron,1989,5
Huron,1990,5
Huron,1991,15
Huron,1992,1
Huron,1993,5
Huron,1994,7
Huron,1995,9
Huron,1996,4
Huron,1997,8
Huron,1998,8
Huron,1999,14
Huron,2000,3
Huron,2001,10
Huron,2002,18
Huron,2003,6
Huron,2004,3
Huron,2005,16
Huron,2006,15
Huron,2007,14
Huron,2008,4
Huron,2009,2
Huron,2010,18
Huron,2011,22
Huron,2012,18
Huron,2013,17
Huron,2014,6
Huron,2015,10
Huron,2016,17
Ingham,1979,5
Ingham,1980,18
Ingham,1981,8
Ingham,1982,8
Ingham,1983,30
Ingham,1984,13
Ingham,1985,6
Ingham,1986,12
Ingham,1987,24
Ingham,1988,35
Ingham,1989,8
Ingham,1990,12
Ingham,1991,23
Ingham,1992,3
Ingham,1993,13
Ingham,1994,10
Ingham,1995,28
Ingham,1996,8
Ingham,1997,13
Ingham,1998,14
Ingham,1999,22
Ingham,2000,10
Ingham,2001,18
Ingham,2002,28
Ingham,2003,14
Ingham,2004,9
Ingham,2005,32
Ingham,2006,20
Ingham,2007,23
Ingham,2008,19
Ingham,2009,5
Ingham,2010,39
Ingham,2011,31
Ingham,2012,37
Ingham,2013,31
Ingham,2014,18
Ingham,2015,22
Ingham,2016,37
Ionia,1979,4
Ionia,1980,18
Ionia,1981,9
Ionia,1982,7
Ionia,1983,32
Ionia,1984,13
Ionia,1985,8
Ionia,1986,9
Ionia,1987,25
Ionia,1988,35
Ionia,1989,10
Ionia,1990,10
Ionia,1991,20
Ionia,1992,3
Ionia,1993,15
Ionia,1994,10
Ionia,1995,28
Ionia,1996,8
Ionia,1997,13
Ionia,1998,19
Ionia,1999,20
Ionia,2000,10
Ionia,2001,18
Ionia,2002,30
Ionia,2003,13
Ionia,2004,10
Ionia,2005,34
Ionia,2006,25
Ionia,2007,27
Ionia,2008,17
Ionia,2009,6
Ionia,2010,40
Ionia,2011,32
Ionia,2012,41
Ionia,2013,29
Ionia,2014,15
Ionia,2015,23
Ionia,2016,33
Iosco,1979,2
Iosco,1980,5
Iosco,1981,2
Iosco,1982,1
Iosco,1983,14
Iosco,1984,3
Iosco,1985,2
Iosco,1986,6
Iosco,1987,15
Iosco,1988,21
Iosco,1989,5
Iosco,1990,3
Iosco,1991,12
Iosco,1992,1
Iosco,1993,5
Iosco,1994,6
Iosco,1995,10
Iosco,1996,3
Iosco,1997,6
Iosco,1998,7
Iosco,1999,12
Iosco,2000,2
Iosco,2001,11
Iosco,2002,15
Iosco,2003,7
Iosco,2004,3
Iosco,2005,15
Iosco,2006,17
Iosco,2007,11
Iosco,2008,3
Iosco,2009,3
Iosco,2010,13
Iosco,2011,19
Iosco,2012,15
Iosco,2013,18
Iosco,2014,6
Iosco,2015,10
Iosco,2016,13
Iron,1980,2
Iron,1981,1
Iron,1982,3
Iron,1983,8
Iron,1984,2
Iron,1985,1
Iron,1986,5
Iron,1987,2
Iron,1988,13
Iron,1989,4
Iron,1990,2
Iron,1991,9
Iron,1994,1
Iron,1995,8
Iron,1996,4
Iron,1998,1
Iron,1999,8
Iron,2000,2
Iron,2001,11
Iron,2002,10
Iron,2003,5
Iron,2005,13
Iron,2006,13
Iron,2007,9
Iron,2009,1
Iron,2010,12
Iron,2011,10
Iron,2012,14
Iron,2013,12
Iron,2014,2
Iron,2015,6
Iron,2016,9
Isabella,1979,3
Isabella,1980,14
Isabella,1981,8
Isabella,1982,5
Isabella,1983,28
Isabella,1984,9
Isabella,1985,6
Isabella,1986,8
Isabella,1987,22
Isabella,1988,33
Isabella,1989,8
Isabella,1990,7
Isabella,1991,18
Isabella,1992,2
Isabella,1993,9
Isabella,1994,9
Isabella,1995,18
Isabella,1996,6
Isabella,1997,11
Isabella,1998,15
Isabella,1999,16
Isabella,2000,6
Isabella,2001,17
Isabella,2002,23
Isabella,2003,12
Isabella,2004,9
Isabella,2005,30
Isabella,2006,19
Isabella,2007,21
Isabella,2008,13
Isabella,2009,5
Isabella,2010,31
Isabella,2011,31
Isabella,2012,32
Isabella,2013,25
Isabella,2014,12
Isabella,2015,18
Isabella,2016,25
Jackson,1979,3
Jackson,1980,19
Jackson,1981,8
Jackson,1982,7
Jackson,1983,31
Jackson,1984,10
Jackson,1985,7
Jackson,1986,12
Jackson,1987,24
Jackson,1988,35
Jackson,1989,10
Jackson,1990,12
Jackson,1991,23
Jackson,1992,4
Jackson,1993,14
Jackson,1994,14
Jackson,1995,24
Jackson,1996,8
Jackson,1997,13
Jackson,1998,14
Jackson,1999,21
Jackson,2000,10
Jackson,2001,17
Jackson,2002,27
Jackson,2003,11
Jackson,2004,9
Jackson,2005,30
Jackson,2006,19
Jackson,2007,20
Jackson,2008,17
Jackson,2009,7
Jackson,2010,37
Jackson,2011,32
Jackson,2012,41
Jackson,2013,28
Jackson,2014,20
Jackson,2015,21
Jackson,2016,36
Kalamazoo,1979,4
Kalamazoo,1980,23
Kalamazoo,1981,9
Kalamazoo,1982,8
Kalamazoo,1983,30
Kalamazoo,1984,13
Kalamazoo,1985,9
Kalamazoo,1986,11
Kalamazoo,1987,26
Kalamazoo,1988,37
Kalamazoo,1989,11
Kalamazoo,1990,13
Kalamazoo,1991,25
Kalamazoo,1992,4
Kalamazoo,1993,14
Kalamazoo,1994,13
Kalamazoo,1995,27
Kalamazoo,1996,8
Kalamazoo,1997,14
Kalamazoo,1998,16
Kalamazoo,1999,24
Kalamazoo,2000,15
Kalamazoo,2001,20
Kalamazoo,2002,30
Kalamazoo,2003,12
Kalamazoo,2004,9
Kalamazoo,2005,32
Kalamazoo,2006,22
Kalamazoo,2007,25
Kalamazoo,2008,19
Kalamazoo,2009,11
Kalamazoo,2010,42
Kalamazoo,2011,33
Kalamazoo,2012,46
Kalamazoo,2013,28
Kalamazoo,2014,21
Kalamazoo,2015,27
Kalamazoo,2016,32
Kalkaska,1979,2
Kalkaska,1980,8
Kalkaska,1981,2
Kalkaska,1982,3
Kalkaska,1983,16
Kalkaska,1984,4
Kalkaska,1985,3
Kalkaska,1986,7
Kalkaska,1987,14
Kalkaska,1988,16
Kalkaska,1989,3
Kalkaska,1990,2
Kalkaska,1991,15
Kalkaska,1993,3
Kalkaska,1994,4
Kalkaska,1995,12
Kalkaska,1996,4
Kalkaska,1997,5
Kalkaska,1998,5
Kalkaska,1999,9
Kalkaska,2000,2
Kalkaska,2001,14
Kalkaska,2002,13
Kalkaska,2003,8
Kalkaska,2004,1
Kalkaska,2005,20
Kalkaska,2006,16
Kalkaska,2007,14
Kalkaska,2009,4
Kalkaska,2010,18
Kalkaska,2011,24
Kalkaska,2012,22
Kalkaska,2013,18
Kalkaska,2014,5
Kalkaska,2015,10
Kalkaska,2016,13
Kent,1979,4
Kent,1980,18
Kent,1981,8
Kent,1982,7
Kent,1983,32
Kent,1984,12
Kent,1985,6
Kent,1986,9
Kent,1987,25
Kent,1988,35
Kent,1989,8
Kent,1990,10
Kent,1991,24
Kent,1992,3
Kent,1993,14
Kent,1994,9
Kent,1995,23
Kent,1996,8
Kent,1997,12
Kent,1998,16
Kent,1999,20
Kent,2000,10
Kent,2001,19
Kent,2002,28
Kent,2003,13
Kent,2004,9
Kent,2005,36
Kent,2006,25
Kent,2007,28
Kent,2008,15
Kent,2009,5
Kent,2010,36
Kent,2011,31
Kent,2012,41
Kent,2013,27
Kent,2014,15
Kent,2015,23
Kent,2016,32
Keweenaw,1986,1
Keweenaw,2001,1
Keweenaw,2002,2
Keweenaw,2005,1
Keweenaw,2006,1
Keweenaw,2011,1
Lake,1979,2
Lake,1980,12
Lake,1981,3
Lake,1982,3
Lake,1983,21
Lake,1984,4
Lake,1985,3
Lake,1986,6
Lake,1987,21
Lake,1988,26
Lake,1989,4
Lake,1990,4
Lake,1991,17
Lake,1992,1
Lake,1993,5
Lake,1994,7
Lake,1995,17
Lake,1996,4
Lake,1997,9
Lake,1998,9
Lake,1999,9
Lake,2000,4
Lake,2001,16
Lake,2002,13
Lake,2003,10
Lake,2005,20
Lake,2006,16
Lake,2007,15
Lake,2008,7
Lake,2009,4
Lake,2010,23
Lake,2011,27
Lake,2012,30
Lake,2013,18
Lake,2014,7
Lake,2015,12
Lake,2016,19
Lapeer,1979,6
Lapeer,1980,14
Lapeer,1981,6
Lapeer,1982,5
Lapeer,1983,26
Lapeer,1984,7
Lapeer,1985,6
Lapeer,1986,10
Lapeer,1987,19
Lapeer,1988,33
Lapeer,1989,7
Lapeer,1990,8
Lapeer,1991,21
Lapeer,1992,2
Lapeer,1993,9
Lapeer,1994,9
Lapeer,1995,20
Lapeer,1996,7
Lapeer,1997,11
Lapeer,1998,14
Lapeer,1999,19
Lapeer,2000,4
Lapeer,2001,15
Lapeer,2002,25
Lapeer,2003,9
Lapeer,2004,6
Lapeer,2005,33
Lapeer,2006,17
Lapeer,2007,18
Lapeer,2008,10
Lapeer,2009,4
Lapeer,2010,31
Lapeer,2011,26
Lapeer,2012,29
Lapeer,2013,26
Lapeer,2014,13
Lapeer,2015,17
Lapeer,2016,31
Leelanau,1980,1
Leelanau,1986,2
Leelanau,1987,2
Leelanau,1988,10
Leelanau,1991,1
Leelanau,1994,1
Leelanau,1995,2
Leelanau,1997,1
Leelanau,1998,1
Leelanau,1999,1
Leelanau,2001,5
Leelanau,2002,3
Leelanau,2005,4
Leelanau,2006,3
Leelanau,2007,2
Leelanau,2010,2
Leelanau,2011,5
Leelanau,2012,7
Leelanau,2013,1
Leelanau,2015,1
Leelanau,2016,3
Lenawee,1979,8
Lenawee,1980,24
Lenawee,1981,8
Lenawee,1982,10
Lenawee,1983,36
Lenawee,1984,16
Lenawee,1985,9
Lenawee,1986,14
Lenawee,1987,27
Lenawee,1988,36
Lenawee,1989,14
Lenawee,1990,13
Lenawee,1991,25
Lenawee,1992,4
Lenawee,1993,24
Lenawee,1994,20
Lenawee,1995,32
Lenawee,1996,9
Lenawee,1997,15
Lenawee,1998,18
Lenawee,1999,29
Lenawee,2000,12
Lenawee,2001,21
Lenawee,2002,31
Lenawee,2003,12
Lenawee,2004,10
Lenawee,2005,33
Lenawee,2006,23
Lenawee,2007,26
Lenawee,2008,20
Lenawee,2009,8
Lenawee,2010,42
Lenawee,2011,35
Lenawee,2012,44
Lenawee,2013,33
Lenawee,2014,22
Lenawee,2015,29
Lenawee,2016,40
Livingston,1979,4
Livingston,1980,18
Livingston,1981,8
Livingston,1982,6
Livingston,1983,29
Livingston,1984,10
Livingston,1985,7
Livingston,1986,11
Livingston,1987,23
Livingston,1988,33
Livingston,1989,8
Livingston,1990,11
Livingston,1991,22
Livingston,1992,2
Livingston,1993,12
Livingston,1994,10
Livingston,1995,23
Livingston,1996,7
Livingston,1997,11
Livingston,1998,15
Livingston,1999,20
Livingston,2000,7
Livingston,2001,15
Livingston,2002,30
Livingston,2003,11
Livingston,2004,7
Livingston,2005,29
Livingston,2006,17
Livingston,2007,20
Livingston,2008,14
Livingston,2009,6
Livingston,2010,34
Livingston,2011,30
Livingston,2012,35
Livingston,2013,29
Livingston,2014,15
Livingston,2015,20
Livingston,2016,35
Luce,1980,1
Luce,1981,1
Luce,1982,1
Luce,1983,5
Luce,1986,3
Luce,1987,4
Luce,1988,10
Luce,1989,1
Luce,1991,5
Luce,1994,1
Luce,1995,5
Luce,1996,1
Luce,1997,2
Luce,1998,1
Luce,1999,3
Luce,2000,1
Luce,2001,7
Luce,2002,7
Luce,2003,1
Luce,2005,12
Luce,2006,8
Luce,2007,2
Luce,2009,1
Luce,2010,7
Luce,2011,10
Luce,2012,6
Luce,2013,8
Luce,2014,1
Luce,2015,2
Luce,2016,4
Mackinac,2001,1
Mackinac,2006,2
Macomb,1979,11
Macomb,1980,21
Macomb,1981,8
Macomb,1982,10
Macomb,1983,33
Macomb,1984,16
Macomb,1985,11
Macomb,1986,12
Macomb,1987,27
Macomb,1988,36
Macomb,1989,14
Macomb,1990,16
Macomb,1991,24
Macomb,1992,4
Macomb,1993,22
Macomb,1994,18
Macomb,1995,29
Macomb,1996,12
Macomb,1997,15
Macomb,1998,20
Macomb,1999,25
Macomb,2000,11
Macomb,2001,22
Macomb,2002,36
Macomb,2003,15
Macomb,2004,9
Macomb,2005,39
Macomb,2006,22
Macomb,2007,26
Macomb,2008,19
Macomb,2009,8
Macomb,2010,38
Macomb,2011,31
Macomb,2012,36
Macomb,2013,30
Macomb,2014,21
Macomb,2015,25
Macomb,2016,39
Manistee,1979,2
Manistee,1980,8
Manistee,1981,1
Manistee,1982,1
Manistee,1983,18
Manistee,1984,4
Manistee,1985,3
Manistee,1986,6
Manistee,1987,16
Manistee,1988,24
Manistee,1989,3
Manistee,1990,2
Manistee,1991,14
Manistee,1992,1
Manistee,1993,3
Manistee,1994,4
Manistee,1995,14
Manistee,1996,4
Manistee,1997,5
Manistee,1998,4
Manistee,1999,9
Manistee,2000,2
Manistee,2001,14
Manistee,2002,12
Manistee,2003,8
Manistee,2005,16
Manistee,2006,15
Manistee,2007,14
Manistee,2008,2
Manistee,2009,4
Manistee,2010,19
Manistee,2011,21
Manistee,2012,27
Manistee,2013,18
Manistee,2014,7
Manistee,2015,12
Manistee,2016,18
Marquette,1986,1
Marquette,2001,2
Marquette,2002,2
Marquette,2005,3
Marquette,2006,3
Marquette,2011,1
Marquette,2012,1
Mason,1979,1
Mason,1980,9
Mason,1981,1
Mason,1982,3
Mason,1983,17
Mason,1984,5
Mason,1985,3
Mason,1986,6
Mason,1987,16
Mason,1988,25
Mason,1989,4
Mason,1990,4
Mason,1991,12
Mason,1992,1
Mason,1993,4
Mason,1994,6
Mason,1995,14
Mason,1996,4
Mason,1997,6
Mason,1998,4
Mason,1999,11
Mason,2000,2
Mason,2001,13
Mason,2002,11
Mason,2003,7
Mason,2005,18
Mason,2006,14
Mason,2007,12
Mason,2008,2
Mason,2009,3
Mason,2010,21
Mason,2011,23
Mason,2012,23
Mason,2013,16
Mason,2014,8
Mason,2015,12
Mason,2016,17
Mecosta,1979,4
Mecosta,1980,13
Mecosta,1981,6
Mecosta,1982,4
Mecosta,1983,26
Mecosta,1984,6
Mecosta,1985,5
Mecosta,1986,7
Mecosta,1987,21
Mecosta,1988,29
Mecosta,1989,4
Mecosta,1990,5
Mecosta,1991,18
Mecosta,1992,1
Mecosta,1993,8
Mecosta,1994,8
Mecosta,1995,18
Mecosta,1996,4
Mecosta,1997,10
Mecosta,1998,12
Mecosta,1999,14
Mecosta,2000,4
Mecosta,2001,16
Mecosta,2002,20
Mecosta,2003,10
Mecosta,2004,4
Mecosta,2005,26
Mecosta,2006,17
Mecosta,2007,18
Mecosta,2008,9
Mecosta,2009,4
Mecosta,2010,27
Mecosta,2011,27
Mecosta,2012,32
Mecosta,2013,23
Mecosta,2014,9
Mecosta,2015,16
Mecosta,2016,24
Menominee,1980,1
Menominee,1983,4
Menominee,1986,3
Menominee,1987,3
Menominee,1988,11
Menominee,1989,1
Menominee,1991,1
Menominee,1995,6
Menominee,1996,1
Menominee,1998,1
Menominee,1999,5
Menominee,2001,7
Menominee,2002,5
Menominee,2003,1
Menominee,2005,4
Menominee,2006,10
Menominee,2007,4
Menominee,2009,1
Menominee,2010,2
Menominee,2011,6
Menominee,2012,7
Menominee,2013,7
Menominee,2014,2
Menominee,2015,1
Menominee,2016,4
Midland,1979,8
Midland,1980,16
Midland,1981,9
Midland,1982,6
Midland,1983,27
Midland,1984,10
Midland,1985,7
Midland,1986,9
Midland,1987,24
Midland,1988,34
Midland,1989,11
Midland,1990,10
Midland,1991,21
Midland,1992,2
Midland,1993,11
Midland,1994,12
Midland,1995,20
Midland,1996,8
Midland,1997,12
Midland,1998,16
Midland,1999,20
Midland,2000,8
Midland,2001,17
Midland,2002,28
Midland,2003,14
Midland,2004,9
Midland,2005,35
Midland,2006,20
Midland,2007,23
Midland,2008,13
Midland,2009,5
Midland,2010,37
Midland,2011,31
Midland,2012,33
Midland,2013,28
Midland,2014,12
Midland,2015,19
Midland,2016,30
Missaukee,1979,2
Missaukee,1980,6
Missaukee,1981,1
Missaukee,1982,3
Missaukee,1983,17
Missaukee,1984,3
Missaukee,1985,2
Missaukee,1986,5
Missaukee,1987,13
Missaukee,1988,18
Missaukee,1989,3
Missaukee,1990,2
Missaukee,1991,12
Missaukee,1993,2
Missaukee,1994,4
Missaukee,1995,11
Missaukee,1996,4
Missaukee,1997,5
Missaukee,1998,6
Missaukee,1999,8
Missaukee,2000,2
Missaukee,2001,13
Missaukee,2002,10
Missaukee,2003,6
Missaukee,2005,13
Missaukee,2006,13
Missaukee,2007,11
Missaukee,2009,4
Missaukee,2010,15
Missaukee,2011,23
Missaukee,2012,20
Missaukee,2013,14
Missaukee,2014,5
Missaukee,2015,10
Missaukee,2016,11
Monroe,1979,15
Monroe,1980,33
Monroe,1981,10
Monroe,1982,10
Monroe,1983,43
Monroe,1984,18
Monroe,1985,11
Monroe,1986,20
Monroe,1987,32
Monroe,1988,42
Monroe,1989,21
Monroe,1990,18
Monroe,1991,33
Monroe,1992,5
Monroe,1993,24
Monroe,1994,24
Monroe,1995,36
Monroe,1996,17
Monroe,1997,15
Monroe,1998,25
Monroe,1999,33
Monroe,2000,15
Monroe,2001,23
Monroe,2002,42
Monroe,2003,19
Monroe,2004,14
Monroe,2005,39
Monroe,2006,30
Monroe,2007,29
Monroe,2008,26
Monroe,2009,10
Monroe,2010,47
Monroe,2011,39
Monroe,2012,45
Monroe,2013,37
Monroe,2014,25
Monroe,2015,29
Monroe,2016,50
Montcalm,1979,3
Montcalm,1980,15
Montcalm,1981,8
Montcalm,1982,5
Montcalm,1983,30
Montcalm,1984,7
Montcalm,1985,6
Montcalm,1986,8
Montcalm,1987,23
Montcalm,1988,33
Montcalm,1989,7
Montcalm,1990,8
Montcalm,1991,19
Montcalm,1992,3
Montcalm,1993,9
Montcalm,1994,9
Montcalm,1995,19
Montcalm,1996,5
Montcalm,1997,11
Montcalm,1998,14
Montcalm,1999,16
Montcalm,2000,5
Montcalm,2001,17
Montcalm,2002,23
Montcalm,2003,12
Montcalm,2004,8
Montcalm,2005,32
Montcalm,2006,21
Montcalm,2007,23
Montcalm,2008,13
Montcalm,2009,5
Montcalm,2010,32
Montcalm,2011,29
Montcalm,2012,34
Montcalm,2013,25
Montcalm,2014,11
Montcalm,2015,17
Montcalm,2016,26
Montmorency,1980,2
Montmorency,1981,2
Montmorency,1982,1
Montmorency,1983,12
Montmorency,1984,3
Montmorency,1985,2
Montmorency,1986,6
Montmorency,1987,9
Montmorency,1988,14
Montmorency,1989,4
Montmorency,1990,2
Montmorency,1991,10
Montmorency,1993,3
Montmorency,1994,3
Montmorency,1995,9
Montmorency,1996,3
Montmorency,1997,4
Montmorency,1998,5
Montmorency,1999,9
Montmorency,2000,1
Montmorency,2001,12
Montmorency,2002,12
Montmorency,2003,6
Montmorency,2004,2
Montmorency,2005,19
Montmorency,2006,13
Montmorency,2007,12
Montmorency,2008,1
Montmorency,2009,3
Montmorency,2010,12
Montmorency,2011,17
Montmorency,2012,13
Montmorency,2013,13
Montmorency,2014,5
Montmorency,2015,8
Montmorency,2016,8
Muskegon,1979,1
Muskegon,1980,14
Muskegon,1981,5
Muskegon,1982,3
Muskegon,1983,23
Muskegon,1984,7
Muskegon,1985,3
Muskegon,1986,7
Muskegon,1987,17
Muskegon,1988,29
Muskegon,1989,4
Muskegon,1990,5
Muskegon,1991,16
Muskegon,1992,2
Muskegon,1993,5
Muskegon,1994,8
Muskegon,1995,18
Muskegon,1996,4
Muskegon,1997,9
Muskegon,1998,10
Muskegon,1999,14
Muskegon,2000,4
Muskegon,2001,15
Muskegon,2002,13
Muskegon,2003,10
Muskegon,2004,1
Muskegon,2005,24
Muskegon,2006,17
Muskegon,2007,17
Muskegon,2008,6
Muskegon,2009,4
Muskegon,2010,26
Muskegon,2011,27
Muskegon,2012,28
Muskegon,2013,20
Muskegon,2014,9
Muskegon,2015,12
Muskegon,2016,17
Newaygo,1979,4
Newaygo,1980,15
Newaygo,1981,6
Newaygo,1982,4
Newaygo,1983,27
Newaygo,1984,6
Newaygo,1985,6
Newaygo,1986,7
Newaygo,1987,23
Newaygo,1988,33
Newaygo,1989,4
Newaygo,1990,6
Newaygo,1991,18
Newaygo,1992,2
Newaygo,1993,10
Newaygo,1994,8
Newaygo,1995,19
Newaygo,1996,4
Newaygo,1997,9
Newaygo,1998,12
Newaygo,1999,16
Newaygo,2000,5
Newaygo,2001,17
Newaygo,2002,18
Newaygo,2003,12
Newaygo,2004,4
Newaygo,2005,32
Newaygo,2006,21
Newaygo,2007,22
Newaygo,2008,9
Newaygo,2009,4
Newaygo,2010,26
Newaygo,2011,28
Newaygo,2012,35
Newaygo,2013,25
Newaygo,2014,11
Newaygo,2015,16
Newaygo,2016,26
Oakland,1979,6
Oakland,1980,17
Oakland,1981,8
Oakland,1982,7
Oakland,1983,30
Oakland,1984,10
Oakland,1985,8
Oakland,1986,11
Oakland,1987,22
Oakland,1988,33
Oakland,1989,10
Oakland,1990,10
Oakland,1991,23
Oakland,1992,2
Oakland,1993,16
Oakland,1994,11
Oakland,1995,26
Oakland,1996,8
Oakland,1997,12
Oakland,1998,17
Oakland,1999,21
Oakland,2000,8
Oakland,2001,17
Oakland,2002,30
Oakland,2003,12
Oakland,2004,8
Oakland,2005,30
Oakland,2006,17
Oakland,2007,20
Oakland,2008,15
Oakland,2009,5
Oakland,2010,35
Oakland,2011,30
Oakland,2012,34
Oakland,2013,28
Oakland,2014,19
Oakland,2015,19
Oakland,2016,34
Oceana,1979,1
Oceana,1980,9
Oceana,1981,1
Oceana,1982,1
Oceana,1983,11
Oceana,1984,3
Oceana,1985,2
Oceana,1986,5
Oceana,1987,11
Oceana,1988,23
Oceana,1989,2
Oceana,1990,4
Oceana,1991,8
Oceana,1992,1
Oceana,1993,2
Oceana,1994,5
Oceana,1995,10
Oceana,1996,3
Oceana,1997,5
Oceana,1998,4
Oceana,1999,9
Oceana,2000,1
Oceana,2001,11
Oceana,2002,8
Oceana,2003,5
Oceana,2005,13
Oceana,2006,12
Oceana,2007,5
Oceana,2008,1
Oceana,2009,2
Oceana,2010,17
Oceana,2011,16
Oceana,2012,20
Oceana,2013,12
Oceana,2014,5
Oceana,2015,5
Oceana,2016,11
Ogemaw,1979,3
Ogemaw,1980,6
Ogemaw,1981,2
Ogemaw,1982,2
Ogemaw,1983,18
Ogemaw,1984,5
Ogemaw,1985,3
Ogemaw,1986,6
Ogemaw,1987,16
Ogemaw,1988,19
Ogemaw,1989,4
Ogemaw,1990,4
Ogemaw,1991,13
Ogemaw,1992,1
Ogemaw,1993,5
Ogemaw,1994,6
Ogemaw,1995,12
Ogemaw,1996,3
Ogemaw,1997,7
Ogemaw,1998,6
Ogemaw,1999,14
Ogemaw,2000,2
Ogemaw,2001,12
Ogemaw,2002,15
Ogemaw,2003,7
Ogemaw,2004,3
Ogemaw,2005,22
Ogemaw,2006,16
Ogemaw,2007,12
Ogemaw,2008,3
Ogemaw,2009,3
Ogemaw,2010,17
Ogemaw,2011,25
Ogemaw,2012,19
Ogemaw,2013,22
Ogemaw,2014,6
Ogemaw,2015,11
Ogemaw,2016,15
Ontonagon,1982,1
Ontonagon,1983,2
Ontonagon,1986,1
Ontonagon,1988,6
Ontonagon,1989,1
Ontonagon,1991,6
Ontonagon,1995,3
Ontonagon,1996,1
Ontonagon,1999,1
Ontonagon,2001,6
Ontonagon,2002,5
Ontonagon,2003,2
Ontonagon,2005,5
Ontonagon,2006,7
Ontonagon,2007,3
Ontonagon,2010,4
Ontonagon,2011,6
Ontonagon,2012,4
Ontonagon,2013,7
Ontonagon,2014,1
Ontonagon,2015,1
Ontonagon,2016,3
Osceola,1979,2
Osceola,1980,9
Osceola,1981,2
Osceola,1982,3
Osceola,1983,21
Osceola,1984,4
Osceola,1985,3
Osceola,1986,6
Osceola,1987,15
Osceola,1988,24
Osceola,1989,3
Osceola,1990,3
Osceola,1991,14
Osceola,1992,1
Osceola,1993,4
Osceola,1994,5
Osceola,1995,14
Osceola,1996,4
Osceola,1997,7
Osceola,1998,8
Osceola,1999,10
Osceola,2000,3
Osceola,2001,15
Osceola,2002,13
Osceola,2003,9
Osceola,2005,17
Osceola,2006,15
Osceola,2007,13
Osceola,2008,4
Osceola,2009,4
Osceola,2010,21
Osceola,2011,24
Osceola,2012,25
Osceola,2013,17
Osceola,2014,7
Osceola,2015,11
Osceola,2016,18
Oscoda,1979,1
Oscoda,1980,3
Oscoda,1981,2
Oscoda,1982,1
Oscoda,1983,15
Oscoda,1984,3
Oscoda,1985,2
Oscoda,1986,6
Oscoda,1987,11
Oscoda,1988,18
Oscoda,1989,4
Oscoda,1990,2
Oscoda,1991,10
Oscoda,1993,3
Oscoda,1994,5
Oscoda,1995,9
Oscoda,1996,3
Oscoda,1997,6
Oscoda,1998,5
Oscoda,1999,9
Oscoda,2000,2
Oscoda,2001,12
Oscoda,2002,12
Oscoda,2003,6
Oscoda,2004,1
Oscoda,2005,19
Oscoda,2006,13
Oscoda,2007,10
Oscoda,2008,1
Oscoda,2009,3
Oscoda,2010,11
Oscoda,2011,22
Oscoda,2012,14
Oscoda,2013,14
Oscoda,2014,5
Oscoda,2015,10
Oscoda,2016,9
Otsego,1980,2
Otsego,1981,1
Otsego,1982,1
Otsego,1983,6
Otsego,1984,1
Otsego,1985,1
Otsego,1986,5
Otsego,1987,6
Otsego,1988,12
Otsego,1989,2
Otsego,1990,1
Otsego,1991,6
Otsego,1993,2
Otsego,1994,3
Otsego,1995,7
Otsego,1996,2
Otsego,1997,3
Otsego,1998,2
Otsego,1999,6
Otsego,2000,1
Otsego,2001,11
Otsego,2002,5
Otsego,2003,2
Otsego,2005,7
Otsego,2006,11
Otsego,2007,7
Otsego,2009,2
Otsego,2010,8
Otsego,2011,15
Otsego,2012,10
Otsego,2013,12
Otsego,2014,4
Otsego,2015,5
Otsego,2016,7
Ottawa,1979,1
Ottawa,1980,14
Ottawa,1981,5
Ottawa,1982,4
Ottawa,1983,23
Ottawa,1984,8
Ottawa,1985,3
Ottawa,1986,8
Ottawa,1987,21
Ottawa,1988,31
Ottawa,1989,5
Ottawa,1990,6
Ottawa,1991,19
Ottawa,1992,2
Ottawa,1993,7
Ottawa,1994,8
Ottawa,1995,19
Ottawa,1996,4
Ottawa,1997,10
Ottawa,1998,12
Ottawa,1999,16
Ottawa,2000,5
Ottawa,2001,14
Ottawa,2002,14
Ottawa,2003,7
Ottawa,2004,4
Ottawa,2005,25
Ottawa,2006,16
Ottawa,2007,18
Ottawa,2008,9
Ottawa,2009,4
Ottawa,2010,28
Ottawa,2011,29
Ottawa,2012,31
Ottawa,2013,22
Ottawa,2014,10
Ottawa,2015,13
Ottawa,2016,18
Presque Isle,1983,1
Presque Isle,1986,1
Presque Isle,1988,2
Presque Isle,2002,1
Presque Isle,2006,4
Presque Isle,2011,1
Roscommon,1979,2
Roscommon,1980,5
Roscommon,1981,2
Roscommon,1982,3
Roscommon,1983,18
Roscommon,1984,3
Roscommon,1985,2
Roscommon,1986,6
Roscommon,1987,11
Roscommon,1988,19
Roscommon,1989,3
Roscommon,1990,3
Roscommon,1991,12
Roscommon,1993,4
Roscommon,1994,6
Roscommon,1995,12
Roscommon,1996,3
Roscommon,1997,7
Roscommon,1998,6
Roscommon,1999,11
Roscommon,2000,2
Roscommon,2001,11
Roscommon,2002,12
Roscommon,2003,6
Roscommon,2005,17
Roscommon,2006,16
Roscommon,2007,10
Roscommon,2009,4
Roscommon,2010,15
Roscommon,2011,24
Roscommon,2012,17
Roscommon,2013,16
Roscommon,2014,5
Roscommon,2015,10
Roscommon,2016,11
Saginaw,1979,10
Saginaw,1980,16
Saginaw,1981,9
Saginaw,1982,6
Saginaw,1983,30
Saginaw,1984,12
Saginaw,1985,10
Saginaw,1986,10
Saginaw,1987,23
Saginaw,1988,34
Saginaw,1989,12
Saginaw,1990,10
Saginaw,1991,21
Saginaw,1992,2
Saginaw,1993,13
Saginaw,1994,12
Saginaw,1995,24
Saginaw,1996,8
Saginaw,1997,13
Saginaw,1998,20
Saginaw,1999,21
Saginaw,2000,9
Saginaw,2001,18
Saginaw,2002,27
Saginaw,2003,14
Saginaw,2004,10
Saginaw,2005,37
Saginaw,2006,22
Saginaw,2007,23
Saginaw,2008,16
Saginaw,2009,6
Saginaw,2010,38
Saginaw,2011,33
Saginaw,2012,36
Saginaw,2013,29
Saginaw,2014,16
Saginaw,2015,23
Saginaw,2016,32
St. Clair,1979,10
St. Clair,1980,18
St. Clair,1981,8
St. Clair,1982,8
St. Clair,1983,31
St. Clair,1984,11
St. Clair,1985,10
St. Clair,1986,11
St. Clair,1987,23
St. Clair,1988,33
St. Clair,1989,10
St. Clair,1990,10
St. Clair,1991,22
St. Clair,1992,2
St. Clair,1993,15
St. Clair,1994,11
St. Clair,1995,23
St. Clair,1996,9
St. Clair,1997,13
St. Clair,1998,16
St. Clair,1999,22
St. Clair,2000,8
St. Clair,2001,17
St. Clair,2002,32
St. Clair,2003,11
St. Clair,2004,8
St. Clair,2005,35
St. Clair,2006,18
St. Clair,2007,24
St. Clair,2008,13
St. Clair,2009,4
St. Clair,2010,34
St. Clair,2011,28
St. Clair,2012,27
St. Clair,2013,24
St. Clair,2014,17
St. Clair,2015,19
St. Clair,2016,33
St. Joesph,1979,8
St. Joesph,1980,30
St. Joesph,1981,9
St. Joesph,1982,9
St. Joesph,1983,37
St. Joesph,1984,15
St. Joesph,1985,12
St. Joesph,1986,15
St. Joesph,1987,27
St. Joesph,1988,38
St. Joesph,1989,12
St. Joesph,1990,15
St. Joesph,1991,30
St. Joesph,1992,5
St. Joesph,1993,19
St. Joesph,1994,14
St. Joesph,1995,31
St. Joesph,1996,11
St. Joesph,1997,16
St. Joesph,1998,18
St. Joesph,1999,31
St. Joesph,2000,16
St. Joesph,2001,22
St. Joesph,2002,31
St. Joesph,2003,15
St. Joesph,2004,9
St. Joesph,2005,34
St. Joesph,2006,26
St. Joesph,2007,29
St. Joesph,2008,23
St. Joesph,2009,12
St. Joesph,2010,46
St. Joesph,2011,39
St. Joesph,2012,49
St. Joesph,2013,32
St. Joesph,2014,22
St. Joesph,2015,30
St. Joesph,2016,44
Sanilac,1979,3
Sanilac,1980,8
Sanilac,1981,4
Sanilac,1982,3
Sanilac,1983,21
Sanilac,1984,3
Sanilac,1985,6
Sanilac,1986,7
Sanilac,1987,17
Sanilac,1988,30
Sanilac,1989,5
Sanilac,1990,5
Sanilac,1991,18
Sanilac,1992,1
Sanilac,1993,8
Sanilac,1994,8
Sanilac,1995,13
Sanilac,1996,5
Sanilac,1997,9
Sanilac,1998,11
Sanilac,1999,13
Sanilac,2000,3
Sanilac,2001,12
Sanilac,2002,18
Sanilac,2003,6
Sanilac,2004,5
Sanilac,2005,19
Sanilac,2006,14
Sanilac,2007,16
Sanilac,2008,5
Sanilac,2009,4
Sanilac,2010,23
Sanilac,2011,25
Sanilac,2012,18
Sanilac,2013,19
Sanilac,2014,8
Sanilac,2015,12
Sanilac,2016,22
Schoolcraft,1980,1
Schoolcraft,1983,3
Schoolcraft,1986,1
Schoolcraft,1988,7
Schoolcraft,1991,1
Schoolcraft,1995,3
Schoolcraft,1998,1
Schoolcraft,1999,3
Schoolcraft,2001,3
Schoolcraft,2002,2
Schoolcraft,2005,5
Schoolcraft,2006,7
Schoolcraft,2007,1
Schoolcraft,2011,4
Schoolcraft,2012,4
Schoolcraft,2013,3
Schoolcraft,2016,2
Shiawassee,1979,7
Shiawassee,1980,18
Shiawassee,1981,9
Shiawassee,1982,9
Shiawassee,1983,29
Shiawassee,1984,13
Shiawassee,1985,9
Shiawassee,1986,11
Shiawassee,1987,23
Shiawassee,1988,34
Shiawassee,1989,9
Shiawassee,1990,10
Shiawassee,1991,20
Shiawassee,1992,2
Shiawassee,1993,13
Shiawassee,1994,11
Shiawassee,1995,26
Shiawassee,1996,8
Shiawassee,1997,12
Shiawassee,1998,16
Shiawassee,1999,22
Shiawassee,2000,7
Shiawassee,2001,16
Shiawassee,2002,28
Shiawassee,2003,14
Shiawassee,2004,8
Shiawassee,2005,33
Shiawassee,2006,19
Shiawassee,2007,23
Shiawassee,2008,17
Shiawassee,2009,5
Shiawassee,2010,39
Shiawassee,2011,31
Shiawassee,2012,36
Shiawassee,2013,31
Shiawassee,2014,17
Shiawassee,2015,22
Shiawassee,2016,36
Tuscola,1979,8
Tuscola,1980,15
Tuscola,1981,7
Tuscola,1982,5
Tuscola,1983,25
Tuscola,1984,8
Tuscola,1985,7
Tuscola,1986,10
Tuscola,1987,20
Tuscola,1988,31
Tuscola,1989,8
Tuscola,1990,7
Tuscola,1991,21
Tuscola,1992,2
Tuscola,1993,9
Tuscola,1994,9
Tuscola,1995,20
Tuscola,1996,7
Tuscola,1997,12
Tuscola,1998,15
Tuscola,1999,18
Tuscola,2000,5
Tuscola,2001,15
Tuscola,2002,26
Tuscola,2003,10
Tuscola,2004,7
Tuscola,2005,29
Tuscola,2006,18
Tuscola,2007,17
Tuscola,2008,9
Tuscola,2009,4
Tuscola,2010,31
Tuscola,2011,26
Tuscola,2012,30
Tuscola,2013,28
Tuscola,2014,10
Tuscola,2015,17
Tuscola,2016,27
Van Buren,1979,6
Van Buren,1980,22
Van Buren,1981,9
Van Buren,1982,8
Van Buren,1983,28
Van Buren,1984,10
Van Buren,1985,9
Van Buren,1986,10
Van Buren,1987,25
Van Buren,1988,37
Van Buren,1989,10
Van Buren,1990,11
Van Buren,1991,26
Van Buren,1992,5
Van Buren,1993,13
Van Buren,1994,12
Van Buren,1995,24
Van Buren,1996,9
Van Buren,1997,14
Van Buren,1998,17
Van Buren,1999,21
Van Buren,2000,12
Van Buren,2001,20
Van Buren,2002,25
Van Buren,2003,12
Van Buren,2004,7
Van Buren,2005,31
Van Buren,2006,22
Van Buren,2007,23
Van Buren,2008,15
Van Buren,2009,10
Van Buren,2010,40
Van Buren,2011,34
Van Buren,2012,43
Van Buren,2013,28
Van Buren,2014,20
Van Buren,2015,22
Van Buren,2016,34
Washtenaw,1979,6
Washtenaw,1980,20
Washtenaw,1981,9
Washtenaw,1982,8
Washtenaw,1983,35
Washtenaw,1984,12
Washtenaw,1985,8
Washtenaw,1986,12
Washtenaw,1987,27
Washtenaw,1988,34
Washtenaw,1989,9
Washtenaw,1990,13
Washtenaw,1991,26
Washtenaw,1992,3
Washtenaw,1993,20
Washtenaw,1994,15
Washtenaw,1995,28
Washtenaw,1996,10
Washtenaw,1997,14
Washtenaw,1998,15
Washtenaw,1999,24
Washtenaw,2000,12
Washtenaw,2001,21
Washtenaw,2002,30
Washtenaw,2003,13
Washtenaw,2004,8
Washtenaw,2005,31
Washtenaw,2006,20
Washtenaw,2007,23
Washtenaw,2008,17
Washtenaw,2009,7
Washtenaw,2010,38
Washtenaw,2011,33
Washtenaw,2012,41
Washtenaw,2013,31
Washtenaw,2014,20
Washtenaw,2015,23
Washtenaw,2016,37
Wayne,1979,12
Wayne,1980,26
Wayne,1981,10
Wayne,1982,10
Wayne,1983,37
Wayne,1984,17
Wayne,1985,11
Wayne,1986,17
Wayne,1987,29
Wayne,1988,39
Wayne,1989,18
Wayne,1990,16
Wayne,1991,29
Wayne,1992,4
Wayne,1993,24
Wayne,1994,20
Wayne,1995,34
Wayne,1996,14
Wayne,1997,15
Wayne,1998,21
Wayne,1999,28
Wayne,2000,13
Wayne,2001,23
Wayne,2002,40
Wayne,2003,18
Wayne,2004,11
Wayne,2005,39
Wayne,2006,24
Wayne,2007,26
Wayne,2008,21
Wayne,2009,10
Wayne,2010,43
Wayne,2011,32
Wayne,2012,41
Wayne,2013,30
Wayne,2014,21
Wayne,2015,27
Wayne,2016,41
Wexford,1979,2
Wexford,1980,6
Wexford,1981,1
Wexford,1982,3
Wexford,1983,17
Wexford,1984,2
Wexford,1985,3
Wexford,1986,6
Wexford,1987,15
Wexford,1988,17
Wexford,1989,3
Wexford,1990,2
Wexford,1991,12
Wexford,1993,2
Wexford,1994,4
Wexford,1995,9
Wexford,1996,3
Wexford,1997,4
Wexford,1998,5
Wexford,1999,7
Wexford,2000,1
Wexford,2001,14
Wexford,2002,10
Wexford,2003,6
Wexford,2005,13
Wexford,2006,12
Wexford,2007,13
Wexford,2008,1
Wexford,2009,4
Wexford,2010,14
Wexford,2011,20
Wexford,2012,23
Wexford,2013,12
Wexford,2014,6
Wexford,2015,8
Wexford,2016,13
